source_name,trt_name,trt_n_downsample,trt_hsurf_bits,replicate_uuid,sum leaf count,sum defmut
uk,Sben1.3x/Gneu,1000000,64,46ac4a02-4fca-8d5f-b9e6-2ac4c32d1eef,16,16
uk,Sben1.3x/Gneu,1000000,0,73a047ce-c7b3-8005-a23e-b33d8382a8f8,28,10
uk,Sben2x/Gneu,1000000,64,f99d06e0-1b1f-8bd4-9755-bd90e4015a04,370,370
uk,Sneu/Gneu,1000000,64,0d0d64e7-6ff8-8555-bdd5-97a19d5b0fea,0,0
uk,Sben1.3x/Gneu,1000000,0,00313b75-014e-82cc-9f60-e94d68954506,68,14
uk,Sben2x/Gdel2x,1000000,0,10d4fad1-bc3a-8c8a-bb1a-3e049dfbddea,709,277
uk,Sben1.3x/Gneu,1000000,64,73a047ce-c7b3-8005-a23e-b33d8382a8f8,6,6
uk,Sben1.1x/Gneu,1000000,0,7a5dc9b8-fff8-8d55-99d8-d634bfece924,1,1
uk,Sben1.1x/Gneu,1000000,0,7f02ab73-bb7d-8cb6-a55d-aea1dbdf3976,1,1
uk,Sneu/Gneu,1000000,64,bc02d4dc-d4e0-84f7-9aa9-a642dc7d09fe,0,0
uk,Sben1.1x/Gneu,1000000,64,07062d1e-9a3d-81e2-947e-dc17ec43dd70,2,2
uk,Sneu/Gneu,1000000,0,e7738de2-4f00-8969-858f-2b2adc40d073,0,0
uk,Sben1.3x/Gneu,1000000,64,0ade01e7-0c7d-8bf6-8ce0-a7a0fc5ae05d,7,7
uk,Sben1.3x/Gdel1.3x,1000000,64,0df8051c-0c9a-8f93-b8d9-d11f52c10d2d,7,7
uk,Sben1.1x/Gdel1.1x,1000000,64,39c16740-e09f-80b6-ab78-34d2ced70d7f,1,1
uk,Sben1.3x/Gdel1.3x,1000000,64,51350c03-ae65-8271-93fe-88c68b8a6704,6,6
uk,Sben1.1x/Gneu,1000000,64,f8e91f25-545e-8cb9-9718-664669b5a967,0,0
uk,Sben2x/Gneu,1000000,0,29143eaa-000f-832e-95e4-edb14e6958b1,9508,600
uk,Sneu/Gneu,1000000,0,5a2275ba-3d97-8280-b98d-2ce7e53b5da9,3,3
uk,Sben2x/Gdel2x,1000000,64,82e586a3-7b1a-8466-bb6f-e47abc4494fe,225,225
uk,Sben2x/Gneu,1000000,0,c6f2de32-367f-8382-9348-4cbb1101a565,12809,489
uk,Sben2x/Gneu,1000000,64,c6f2de32-367f-8382-9348-4cbb1101a565,355,355
uk,Sneu/Gneu,1000000,0,d80807db-dd30-8cea-9929-08a538d25d1e,0,0
uk,Sben1.3x/Gdel1.3x,1000000,0,0df8051c-0c9a-8f93-b8d9-d11f52c10d2d,67,11
uk,Sben1.3x/Gneu,1000000,64,00313b75-014e-82cc-9f60-e94d68954506,7,7
uk,Sben1.3x/Gdel1.3x,1000000,0,50051186-3169-8fcd-a7af-d09153df2445,94,19
uk,Sben2x/Gneu,1000000,64,02328b09-2e20-812f-b431-d037a2742203,270,270
uk,Sben1.1x/Gdel1.1x,1000000,0,6c365f84-98d0-89fe-a3b3-fce5e35640a9,1,1
uk,Sneu/Gneu,1000000,64,e7738de2-4f00-8969-858f-2b2adc40d073,0,0
uk,Sben1.3x/Gdel1.3x,1000000,0,51350c03-ae65-8271-93fe-88c68b8a6704,38,8
uk,Sben1.1x/Gneu,1000000,64,7a5dc9b8-fff8-8d55-99d8-d634bfece924,1,1
uk,Sben1.1x/Gneu,1000000,0,f8e91f25-545e-8cb9-9718-664669b5a967,0,0
uk,Sneu/Gneu,1000000,0,0d0d64e7-6ff8-8555-bdd5-97a19d5b0fea,3,2
uk,Sben2x/Gdel2x,1000000,64,32c604da-742f-81c9-adf2-ad7a5233c3fc,185,185
uk,Sben1.1x/Gdel1.1x,1000000,64,d77074d3-6b4e-8f5f-a4cc-9ef97fabfef1,0,0
uk,Sben1.3x/Gneu,1000000,64,0f059397-da97-8064-80e9-f8efddbadb97,16,16
uk,Sben2x/Gneu,1000000,64,29143eaa-000f-832e-95e4-edb14e6958b1,398,398
uk,Sben1.1x/Gdel1.1x,1000000,64,36304ef3-8813-8bb8-abc0-2a4963c579a7,3,3
uk,Sben1.3x/Gneu,1000000,0,46ac4a02-4fca-8d5f-b9e6-2ac4c32d1eef,122,16
uk,Sben2x/Gneu,1000000,0,f99d06e0-1b1f-8bd4-9755-bd90e4015a04,3153,498
uk,Sben2x/Gneu,1000000,0,2523cbd8-3cc7-831a-bbb9-7573d568bf0e,4434,532
uk,Sben2x/Gdel2x,1000000,64,29df904b-2a70-8bfb-b945-d20ebb4eb907,220,220
uk,Sben2x/Gneu,1000000,0,02328b09-2e20-812f-b431-d037a2742203,2279,431
uk,Sben1.1x/Gdel1.1x,1000000,0,39c16740-e09f-80b6-ab78-34d2ced70d7f,1,1
uk,Sben1.1x/Gdel1.1x,1000000,0,c0721418-8a62-8803-8a85-dea294dc3c40,3,2
uk,Sben1.1x/Gdel1.1x,1000000,0,d77074d3-6b4e-8f5f-a4cc-9ef97fabfef1,0,0
uk,Sben1.3x/Gneu,1000000,0,0ade01e7-0c7d-8bf6-8ce0-a7a0fc5ae05d,11,8
uk,Sben2x/Gneu,1000000,64,2523cbd8-3cc7-831a-bbb9-7573d568bf0e,350,350
uk,Sben2x/Gdel2x,1000000,0,32c604da-742f-81c9-adf2-ad7a5233c3fc,525,244
uk,Sben1.1x/Gdel1.1x,1000000,64,6c365f84-98d0-89fe-a3b3-fce5e35640a9,1,1
uk,Sben1.3x/Gneu,1000000,0,0f059397-da97-8064-80e9-f8efddbadb97,421,19
uk,Sben2x/Gdel2x,1000000,0,82e586a3-7b1a-8466-bb6f-e47abc4494fe,528,296
uk,Sben2x/Gdel2x,1000000,0,0f07d386-bc29-8b1c-9c27-adc93df6f99f,522,274
uk,Sben1.1x/Gneu,1000000,0,1295ccfb-605c-88c9-8ebf-900370e800d0,8,2
uk,Sben1.1x/Gneu,1000000,64,1295ccfb-605c-88c9-8ebf-900370e800d0,1,1
uk,Sben1.1x/Gdel1.1x,1000000,0,36304ef3-8813-8bb8-abc0-2a4963c579a7,3,3
uk,Sneu/Gneu,1000000,64,5a2275ba-3d97-8280-b98d-2ce7e53b5da9,3,3
uk,Sben1.3x/Gdel1.3x,1000000,64,6cca2f5d-7303-80aa-9b56-c65a26f04eba,9,9
uk,Sben1.3x/Gdel1.3x,1000000,0,7de27178-9897-83c3-ac25-0da381cbb78b,59,14
uk,Sben1.3x/Gdel1.3x,1000000,64,7de27178-9897-83c3-ac25-0da381cbb78b,12,12
uk,Sneu/Gneu,1000000,0,bc02d4dc-d4e0-84f7-9aa9-a642dc7d09fe,0,0
uk,Sneu/Gneu,1000000,64,d80807db-dd30-8cea-9929-08a538d25d1e,0,0
uk,Sben2x/Gdel2x,1000000,64,0f07d386-bc29-8b1c-9c27-adc93df6f99f,205,205
uk,Sben2x/Gdel2x,1000000,0,29df904b-2a70-8bfb-b945-d20ebb4eb907,512,285
uk,Sben1.3x/Gdel1.3x,1000000,64,50051186-3169-8fcd-a7af-d09153df2445,11,11
uk,Sben1.1x/Gneu,1000000,0,07062d1e-9a3d-81e2-947e-dc17ec43dd70,6,2
uk,Sben2x/Gdel2x,1000000,64,10d4fad1-bc3a-8c8a-bb1a-3e049dfbddea,216,216
uk,Sben1.1x/Gneu,1000000,64,7f02ab73-bb7d-8cb6-a55d-aea1dbdf3976,1,1
uk,Sben1.1x/Gdel1.1x,1000000,64,c0721418-8a62-8803-8a85-dea294dc3c40,1,1
uk,Sben1.3x/Gdel1.3x,1000000,0,6cca2f5d-7303-80aa-9b56-c65a26f04eba,81,17
multistrain,Sneu/Gneu,1000000,0,5e2820ad-5a0d-83bb-b458-6ba749c7dfd9,58,17
multistrain,Sben1.1x/Gdel1.1x,1000000,0,60d3ac04-ec31-88f7-bf54-2f64f642f7ba,508,26
multistrain,Sben2x/Gneu,1000000,0,6170867d-0ae9-8aab-b65c-04fea6a63b1c,103101,9513
multistrain,Sben2x/Gneu,1000000,0,9af0e92d-02c5-85b1-a1e0-8d7f3a24e79e,104351,9494
multistrain,Sben1.1x/Gneu,1000000,0,a8d4f05b-1043-860c-a858-18814a290c12,712,36
multistrain,Sben1.3x/Gdel1.3x,1000000,0,ade6aa09-1d9e-81c5-a38c-9e977bfe4fef,1123,309
multistrain,Sben2x/Gneu,1000000,0,fe1c0674-c530-822a-9fce-7317f72b0454,104411,9611
multistrain,Sneu/Gneu,1000000,0,5cb2645f-38f3-8478-a5ea-bfc9d9108460,256,16
multistrain,Sben1.1x/Gneu,1000000,0,9127f0eb-ec5c-80d1-bd83-8a4ce39160e6,106,24
multistrain,Sben2x/Gdel2x,1000000,0,97fe7b7d-aa89-8727-b24f-c7780efe28b4,14103,5641
multistrain,Sben2x/Gdel2x,1000000,0,a5658342-c5b6-8234-925f-d74cbc41c4fc,11961,5672
multistrain,Sben1.1x/Gdel1.1x,1000000,0,c14cb4b0-d347-8db5-8fd0-d2045398ad13,1054,24
multistrain,Sneu/Gneu,1000000,0,1bd1619f-bf4f-830f-9249-412024001249,32,12
multistrain,Sben2x/Gdel2x,1000000,0,21b83780-64ea-8fbd-901e-c98a4efe8b80,10787,5645
multistrain,Sben1.3x/Gneu,1000000,0,2c7fcc59-bc55-8639-8a5b-02acf1b70aa2,6858,365
multistrain,Sben1.3x/Gneu,1000000,0,327950cf-f39e-8c1f-9546-dd1ad23e18fb,9524,440
multistrain,Sneu/Gneu,1000000,0,5b46bec1-52b1-8645-a8a3-bd970458cff3,62,22
multistrain,Sben1.3x/Gdel1.3x,1000000,0,199918f1-436a-8895-9e92-7eb498884dfc,1446,315
multistrain,Sben1.3x/Gdel1.3x,1000000,0,9e77251f-d0bd-8bf2-895d-726265c567bd,2076,265
multistrain,Sben2x/Gneu,1000000,0,b8d2bd7c-8af4-847d-bce0-7581e9f8fe4f,108299,9400
multistrain,Sben1.3x/Gneu,1000000,0,bc2a2b7d-2f76-8593-a554-7121cc75cc69,4137,424
multistrain,Sneu/Gneu,1000000,0,c56beb9d-532c-8638-93e2-35f5e4563d64,52,16
multistrain,Sben1.3x/Gdel1.3x,1000000,0,d07369f4-3da7-84c9-a1ce-fbdf3a583c6f,1770,273
multistrain,Sben1.1x/Gdel1.1x,1000000,0,179dd0de-f78b-83ff-a1b6-ea79dbd5ccfa,504,25
multistrain,Sben1.3x/Gdel1.3x,1000000,0,7024c7f3-16bc-8d56-b17e-a64ef47c0048,1304,324
multistrain,Sben1.1x/Gneu,1000000,0,7659ebaf-0658-85a8-bc9a-15f7d639cf85,239,16
multistrain,Sben2x/Gneu,1000000,0,8deccc70-7c39-8639-8e74-a3f482904bd6,105199,9424
multistrain,Sben1.3x/Gneu,1000000,0,9df57049-9921-803c-bf3a-b7e6c22346cb,6352,454
multistrain,Sben2x/Gdel2x,1000000,0,b8b5b251-029f-8d48-94d6-dc12bccff21b,11492,5546
multistrain,Sben1.1x/Gneu,1000000,0,c65dc6a9-3280-83b1-bb63-aa4c4ed25f26,388,29
multistrain,Sben1.3x/Gneu,1000000,0,f1e39af0-7209-8ad6-99b0-b7efa948d1dc,5063,432
multistrain,Sben1.1x/Gdel1.1x,1000000,0,3defbb03-c485-80b7-8b55-3fa01f378824,1397,27
multistrain,Sben1.1x/Gneu,1000000,0,4cec45c5-d8ed-8363-88d3-a21ef2332958,172,42
multistrain,Sben2x/Gdel2x,1000000,0,574f569c-d57a-8218-a860-1cafa5fb72db,14211,5648
vanilla,Sneu/Gneu,1000000,0,22995bb2-0558-8df4-9579-730561f51f05,97,16
vanilla,Sben2x/Gneu,1000000,0,5c2a007b-16a4-8fdc-becd-5d9ad1c544db,271926,8809
vanilla,Sben1.1x/Gneu,1000000,0,696c566e-8370-89ff-84e1-1c58cbeeac92,735,24
vanilla,Sben1.1x/Gneu,1000000,0,73eb38a0-da76-86ed-a187-3970d29d98ba,90,27
vanilla,Sben1.3x/Gdel1.3x,1000000,0,917fd91f-e0b3-8218-8506-9f9f1c7c6cfc,1239,370
vanilla,Sben1.1x/Gdel1.1x,1000000,0,95ad5671-6be2-84c0-bf2e-15fb1d3223ad,76,15
vanilla,Sneu/Gneu,1000000,0,cc285215-e3b9-8ee7-97fa-6d3cf1ec6573,21,13
vanilla,Sben1.3x/Gneu,1000000,0,fd4ec345-3f86-8ef1-8968-97664c679634,20143,470
vanilla,Sben2x/Gdel2x,1000000,0,63f60bb7-b5ef-8de6-a92d-b9145c4205e7,13560,6748
vanilla,Sben1.1x/Gneu,1000000,0,089cf526-cfae-8e45-88d0-29c8159f499e,51,18
vanilla,Sben2x/Gneu,1000000,0,7ba580ce-e2c6-8689-b852-904c86e6ae6e,315558,8416
vanilla,Sben1.1x/Gdel1.1x,1000000,0,a9296565-6dbf-84d8-b250-a8d6abcb4d93,303,22
vanilla,Sben2x/Gdel2x,1000000,0,ad3d52a2-9827-87e1-9b10-174fe58abc95,14486,6660
vanilla,Sben1.3x/Gdel1.3x,1000000,0,d294ab43-4edc-8b1d-b431-087952aa3449,2686,350
vanilla,Sben1.3x/Gneu,1000000,0,d6f4c4c1-f6ca-8c80-bcf2-eedabcb69579,34972,532
vanilla,Sneu/Gneu,1000000,0,f29f40ce-7963-8edd-99aa-df22907b2a7f,36,16
vanilla,Sben1.1x/Gdel1.1x,1000000,0,258848bb-24c0-8cd4-bc9b-cde0593a23d0,183,20
vanilla,Sben1.3x/Gdel1.3x,1000000,0,2b9b8ab9-5f0c-80d7-ae2e-907b639d7c8e,2027,397
vanilla,Sben2x/Gneu,1000000,0,4e9c429f-684b-821f-9927-67b48ebe36b5,286590,8707
vanilla,Sneu/Gneu,1000000,0,a285c10e-fa89-82e9-bedf-6e5b45646398,51,13
vanilla,Sben1.3x/Gneu,1000000,0,103a0013-2f2d-8be6-bd6a-dd59ce05e6f5,26671,421
vanilla,Sben1.1x/Gdel1.1x,1000000,0,e25b1647-bd1d-895e-954d-430e3e32b5a0,47,13
vanilla,Sben1.1x/Gneu,1000000,0,1c0ccc71-ce9d-8b98-8e89-603ca3204946,1202,13
vanilla,Sben2x/Gdel2x,1000000,0,22842500-010e-85c8-bb7a-62112b5c1f42,15249,6567
vanilla,Sben1.1x/Gdel1.1x,1000000,0,0875d6d7-5998-857e-90a9-086b63715ecc,97,22
vanilla,Sben2x/Gdel2x,1000000,0,298b8490-3785-8872-b773-3ff0a790c147,18672,6771
vanilla,Sben1.3x/Gneu,1000000,0,2a0d3722-5565-8c85-a352-3007e0ea0c8b,44443,443
vanilla,Sben1.1x/Gneu,1000000,0,477d803d-c88a-8089-bf39-9d5e301aadd5,547,24
vanilla,Sben1.3x/Gdel1.3x,1000000,0,9b13258b-c49e-8e02-a311-f3d2247d539b,1982,303
vanilla,Sben1.3x/Gneu,1000000,0,a2aa2812-5768-8245-ad1d-a51604304b94,18969,462
vanilla,Sben2x/Gneu,1000000,0,b1bf4456-5fd5-8674-9ce5-f70ce8a19fc4,315939,8080
vanilla,Sben2x/Gdel2x,1000000,0,b69d2105-4f85-81ee-b111-6289b3990ab2,28530,6649
vanilla,Sneu/Gneu,1000000,0,d08818b6-9355-8fcc-92fb-bc5cb04bcef5,220,16
vanilla,Sben1.3x/Gdel1.3x,1000000,0,da2fa22a-4915-8882-8504-f6d9ecd7ae8e,22838,387
vanilla,Sben2x/Gneu,1000000,0,f5acdc9f-8a9a-8610-9abb-2fbb822bef10,309882,8454
vanilla-big,Sben1.1x/Gneu,200000,0,8972abb3-bbfd-8063-96c7-3e92aa0f32db,56,14
vanilla-big,Sben1.1x/Gdel1.1x,2000000,0,0069ad39-6de5-8b7a-9cf6-3206f83b9372,1053,68
vanilla-big,Sben1.1x/Gneu,2000000,0,e86726db-1b73-869e-9274-59bca767b1d1,3277,80
vanilla-big,Sben1.1x/Gdel1.1x,200000,64,50a8d3f5-c51e-80dc-a0b2-a0bca9963b31,10,10
vanilla-big,Sben1.1x/Gdel1.1x,200000,0,803eeaa6-b866-88c9-a38f-8d696b90d4d9,159,16
vanilla-big,Sben1.1x/Gdel1.1x,200000,64,803eeaa6-b866-88c9-a38f-8d696b90d4d9,12,12
vanilla-big,Sben1.1x/Gneu,200000,64,8972abb3-bbfd-8063-96c7-3e92aa0f32db,8,8
vanilla-big,Sben1.1x/Gdel1.1x,200000,0,0069ad39-6de5-8b7a-9cf6-3206f83b9372,59,20
vanilla-big,Sben1.1x/Gneu,2000000,0,8972abb3-bbfd-8063-96c7-3e92aa0f32db,725,61
vanilla-big,Sben1.1x/Gneu,2000000,0,ad386b87-ed0d-858f-9e58-8c6542303f70,8015,62
vanilla-big,Sben1.1x/Gneu,200000,64,ad386b87-ed0d-858f-9e58-8c6542303f70,61,61
vanilla-big,Sben1.1x/Gneu,200000,64,e86726db-1b73-869e-9274-59bca767b1d1,21,21
vanilla-big,Sben1.1x/Gdel1.1x,200000,0,50a8d3f5-c51e-80dc-a0b2-a0bca9963b31,385,16
vanilla-big,Sben1.1x/Gdel1.1x,2000000,0,803eeaa6-b866-88c9-a38f-8d696b90d4d9,1495,69
vanilla-big,Sben1.1x/Gneu,200000,0,ad386b87-ed0d-858f-9e58-8c6542303f70,799,18
vanilla-big,Sben1.1x/Gneu,200000,0,e86726db-1b73-869e-9274-59bca767b1d1,213,23
vanilla-big,Sben1.1x/Gdel1.1x,2000000,0,50a8d3f5-c51e-80dc-a0b2-a0bca9963b31,5506,57
vanilla-big,Sben1.1x/Gdel1.1x,200000,64,0069ad39-6de5-8b7a-9cf6-3206f83b9372,16,16
vanilla-big-1.3x,Sben1.3x/Gneu,2000000,0,b2138f47-760a-870b-871e-9c8cd9168072,54586,1660
vanilla-big-1.3x,Sben1.3x/Gdel1.3x,2000000,0,cb422b5d-9a74-87e8-9654-9bc12d44b453,3765,1270
vanilla-big-1.3x,Sben1.3x/Gdel1.3x,2000000,0,2b2da60e-53a7-8888-9058-ce1b89fb83e3,4805,1298
vanilla-big-1.3x,Sben1.3x/Gneu,2000000,0,a2dd9970-e3a6-8941-b6d4-45b9c54ac506,61784,1797
vanilla-big-1.3x,Sben1.3x/Gdel1.3x,2000000,0,c81cab91-5dfe-83d3-a088-110240579728,4863,1270
vanilla-big-1.3x,Sben1.3x/Gdel1.3x,200000,0,c8b6eec3-f562-8a2a-a720-f23d4acf1d94,418,258
vanilla-big-1.3x,Sben1.3x/Gdel1.3x,2000000,0,c8b6eec3-f562-8a2a-a720-f23d4acf1d94,6531,1327
vanilla-big-1.3x,Sben1.3x/Gdel1.3x,200000,0,cb422b5d-9a74-87e8-9654-9bc12d44b453,352,235
vanilla-big-1.3x,Sben1.3x/Gneu,200000,0,e4e7222c-effa-8916-a47c-67ca54f5bbbc,4189,467
vanilla-big-1.3x,Sben1.3x/Gneu,2000000,0,e4e7222c-effa-8916-a47c-67ca54f5bbbc,41996,1779
vanilla-big-1.3x,Sben1.3x/Gdel1.3x,2000000,0,15f36e76-1fe6-861d-bf0c-b171c07713df,4499,1295
vanilla-big-1.3x,Sben1.3x/Gneu,2000000,0,488c314a-7dbc-88f3-aa36-beada5f1bb05,79730,1807
vanilla-big-1.3x,Sben1.3x/Gdel1.3x,200000,0,c81cab91-5dfe-83d3-a088-110240579728,420,237
vanilla-big-1.3x,Sben1.3x/Gneu,200000,0,488c314a-7dbc-88f3-aa36-beada5f1bb05,7866,516
vanilla-big-1.3x,Sben1.3x/Gneu,200000,0,5a8d2488-6801-88f0-99cd-89a6fda9b042,5437,509
vanilla-big-1.3x,Sben1.3x/Gneu,200000,0,a2dd9970-e3a6-8941-b6d4-45b9c54ac506,6218,499
vanilla-big-1.3x,Sben1.3x/Gneu,200000,0,b2138f47-760a-870b-871e-9c8cd9168072,5385,429
vanilla-big-1.3x,Sben1.3x/Gneu,2000000,0,5a8d2488-6801-88f0-99cd-89a6fda9b042,54376,1751
vanilla-big-1.3x,Sben1.3x/Gdel1.3x,200000,0,15f36e76-1fe6-861d-bf0c-b171c07713df,371,242
vanilla-big-1.3x,Sben1.3x/Gdel1.3x,200000,0,2b2da60e-53a7-8888-9058-ce1b89fb83e3,485,272
