SLURM_ARRAY_JOB_ID,SLURM_ARRAY_TASK_COUNT,SLURM_ARRAY_TASK_ID,SLURM_ARRAY_TASK_MAX,SLURM_ARRAY_TASK_MIN,SLURM_JOB_ID,cfg_make_cv_sim_recipe,cfg_make_wt_specs_recipe,cfg_maxseqlen,cfg_n_imports_mx,cfg_num_mut_sites,cfg_p_wt_to_mut,cfg_pop_size,cfg_refseqs,cfg_suffix_mut,cfg_suffix_wt,replicate_num,replicate_uuid,trt_eff_size,trt_mutmx_active_strain_factor,trt_mutmx_rel_beta,trt_mutmx_withinhost_r,trt_name,trt_seed,trt_type,cumulative_infections,cumulative_reinfections,cumulative_infectious,cumulative_symptomatic_cases,cumulative_severe_cases,cumulative_critical_cases,cumulative_recoveries,cumulative_deaths,cumulative_tests,cumulative_diagnoses,cumulative_known_deaths,cumulative_quarantined_people,cumulative_isolated_people,cumulative_vaccine_doses,cumulative_vaccinated_people
56516689,35,20,34,0,56516760,make_cv_sim_uk,make_wt_specs_single,49,1000,1,2e-06,200000,https://osf.io/hp25c/download,',+,2,e7738de2-4f00-8969-858f-2b2adc40d073,1.0,1.0,1.0,1.0,Sneu/Gneu,20,Sneu/Gneu,4811198,364037,4813584,3287267,299693,101036,4767921,44706,165921579,887804,19577,10559034,888485,55845477,28152774
56516689,35,16,34,0,56516756,make_cv_sim_uk,make_wt_specs_single,49,1000,1,2e-06,200000,https://osf.io/hp25c/download,',+,2,f99d06e0-1b1f-8bd4-9755-bd90e4015a04,2.0,1.0,1.0,2.0,Sben2x/Gneu,16,Sben/Gneu,3630325,254344,3629887,2471711,231468,79177,3600301,32855,166490460,501126,10562,5168196,501254,55424466,27944919
56516689,35,32,34,0,56516789,make_cv_sim_uk,make_wt_specs_single,49,1000,1,2e-06,200000,https://osf.io/hp25c/download,',+,4,51350c03-ae65-8271-93fe-88c68b8a6704,1.3,1.0,0.75,1.3,Sben1.3x/Gdel1.3x,32,Sben/Gdel,4421251,306699,4424362,3040153,276657,101067,4387984,42137,165743856,684865,16563,7561179,684977,55597725,28043964
56516689,35,15,34,0,56516755,make_cv_sim_uk,make_wt_specs_single,49,1000,1,2e-06,200000,https://osf.io/hp25c/download,',+,2,46ac4a02-4fca-8d5f-b9e6-2ac4c32d1eef,1.3,1.0,1.0,1.3,Sben1.3x/Gneu,15,Sben/Gneu,6283191,528878,6289770,4320346,400180,134311,6234787,58088,164671380,1407042,27595,18284823,1406603,55747269,28120131
56516689,35,10,34,0,56516749,make_cv_sim_uk,make_wt_specs_single,49,1000,1,2e-06,200000,https://osf.io/hp25c/download,',+,1,d77074d3-6b4e-8f5f-a4cc-9ef97fabfef1,1.1,1.0,0.9,1.1,Sben1.1x/Gdel1.1x,10,Sben/Gdel,6679643,585665,6677619,4567898,431105,141695,6622529,59707,165215988,1554947,31597,20193253,1556442,55443996,27966681
56516689,35,21,34,0,56516762,make_cv_sim_uk,make_wt_specs_single,49,1000,1,2e-06,200000,https://osf.io/hp25c/download,',+,3,7a5dc9b8-fff8-8d55-99d8-d634bfece924,1.1,1.0,1.0,1.1,Sben1.1x/Gneu,21,Sben/Gneu,3888575,261390,3890800,2672916,251467,83925,3853480,33763,166565511,526637,10838,5128299,526034,55785213,28127385
56516689,35,7,34,0,56516724,make_cv_sim_uk,make_wt_specs_single,49,1000,1,2e-06,200000,https://osf.io/hp25c/download,',+,1,f8e91f25-545e-8cb9-9718-664669b5a967,1.1,1.0,1.0,1.1,Sben1.1x/Gneu,7,Sben/Gneu,6524447,537713,6521824,4444384,421448,137306,6469708,60658,164707929,1496030,26598,19313955,1495406,55779354,28130175
56516689,35,5,34,0,56516716,make_cv_sim_uk,make_wt_specs_single,49,1000,1,2e-06,200000,https://osf.io/hp25c/download,',+,0,10d4fad1-bc3a-8c8a-bb1a-3e049dfbddea,2.0,1.0,0.5,2.0,Sben2x/Gdel2x,5,Sben/Gdel,4525141,335781,4523725,3087001,283070,92863,4491480,35271,165607425,938511,16987,12082012,938834,55924992,28206342
56516689,35,19,34,0,56516759,make_cv_sim_uk,make_wt_specs_single,49,1000,1,2e-06,200000,https://osf.io/hp25c/download,',+,2,29df904b-2a70-8bfb-b945-d20ebb4eb907,2.0,1.0,0.5,2.0,Sben2x/Gdel2x,19,Sben/Gdel,3850864,226625,3847408,2638289,258108,79069,3811367,33851,165917394,629814,14148,7361226,627847,55625067,28052613
56516689,35,25,34,0,56516766,make_cv_sim_uk,make_wt_specs_single,49,1000,1,2e-06,200000,https://osf.io/hp25c/download,',+,3,0df8051c-0c9a-8f93-b8d9-d11f52c10d2d,1.3,1.0,0.75,1.3,Sben1.3x/Gdel1.3x,25,Sben/Gdel,4873760,368494,4862839,3309453,314614,101924,4828760,47489,165591801,985399,22179,12443827,985167,55582659,28031967
56516689,35,30,34,0,56516777,make_cv_sim_uk,make_wt_specs_single,49,1000,1,2e-06,200000,https://osf.io/hp25c/download,',+,4,29143eaa-000f-832e-95e4-edb14e6958b1,2.0,1.0,1.0,2.0,Sben2x/Gneu,30,Sben/Gneu,7760149,750087,7750069,5264516,494633,168095,7695216,70080,164733597,1786840,34645,22996296,1785290,55662453,28065726
56516689,35,27,34,0,56516772,make_cv_sim_uk,make_wt_specs_single,49,1000,1,2e-06,200000,https://osf.io/hp25c/download,',+,3,bc02d4dc-d4e0-84f7-9aa9-a642dc7d09fe,1.0,1.0,1.0,1.0,Sneu/Gneu,27,Sneu/Gneu,6103562,552135,6102118,4149298,391303,133880,6044733,54857,165238308,1371905,25381,17597367,1371429,55818972,28147752
56516689,35,0,34,0,56516693,make_cv_sim_uk,make_wt_specs_single,49,1000,1,2e-06,200000,https://osf.io/hp25c/download,',+,0,7f02ab73-bb7d-8cb6-a55d-aea1dbdf3976,1.1,1.0,1.0,1.1,Sben1.1x/Gneu,0,Sben/Gneu,4503186,344296,4505433,3080943,292170,89552,4450595,37545,166104603,699799,13875,7494498,698126,55337697,27910602
56516689,35,6,34,0,56516717,make_cv_sim_uk,make_wt_specs_single,49,1000,1,2e-06,200000,https://osf.io/hp25c/download,',+,0,5a2275ba-3d97-8280-b98d-2ce7e53b5da9,1.0,1.0,1.0,1.0,Sneu/Gneu,6,Sneu/Gneu,5822542,499240,5833118,3989434,379106,126513,5779938,48850,165942504,1146480,19421,13929354,1147612,55762614,28119294
56516689,35,31,34,0,56516788,make_cv_sim_uk,make_wt_specs_single,49,1000,1,2e-06,200000,https://osf.io/hp25c/download,',+,4,c0721418-8a62-8803-8a85-dea294dc3c40,1.1,1.0,0.9,1.1,Sben1.1x/Gdel1.1x,31,Sben/Gdel,5480540,449331,5480422,3713740,345424,112896,5432627,52733,164724390,1210711,25695,15509763,1210526,55516536,28001835
56516689,35,9,34,0,56516738,make_cv_sim_uk,make_wt_specs_single,49,1000,1,2e-06,200000,https://osf.io/hp25c/download,',+,1,2523cbd8-3cc7-831a-bbb9-7573d568bf0e,2.0,1.0,1.0,2.0,Sben2x/Gneu,9,Sben/Gneu,5161943,395278,5162434,3531456,333289,110195,5119378,50427,165365532,984295,18462,11979144,984649,55803906,28145520
56516689,35,26,34,0,56516767,make_cv_sim_uk,make_wt_specs_single,49,1000,1,2e-06,200000,https://osf.io/hp25c/download,',+,3,82e586a3-7b1a-8466-bb6f-e47abc4494fe,2.0,1.0,0.5,2.0,Sben2x/Gdel2x,26,Sben/Gdel,5592268,452516,5590199,3805564,353794,111023,5543313,48015,165455649,1130159,23194,14145021,1128504,55685331,28087209
56516689,35,12,34,0,56516752,make_cv_sim_uk,make_wt_specs_single,49,1000,1,2e-06,200000,https://osf.io/hp25c/download,',+,1,32c604da-742f-81c9-adf2-ad7a5233c3fc,2.0,1.0,0.5,2.0,Sben2x/Gdel2x,12,Sben/Gdel,2406322,134719,2399395,1660219,163936,52131,2387661,20763,166966992,243064,4717,1566684,243076,55659942,28080234
56516689,35,8,34,0,56516730,make_cv_sim_uk,make_wt_specs_single,49,1000,1,2e-06,200000,https://osf.io/hp25c/download,',+,1,73a047ce-c7b3-8005-a23e-b33d8382a8f8,1.3,1.0,1.0,1.3,Sben1.3x/Gneu,8,Sben/Gneu,5353265,438838,5349544,3656534,342630,110453,5317394,43820,165646206,1064152,19743,13051062,1062888,55514025,27995976
56516689,35,22,34,0,56516763,make_cv_sim_uk,make_wt_specs_single,49,1000,1,2e-06,200000,https://osf.io/hp25c/download,',+,3,0f059397-da97-8064-80e9-f8efddbadb97,1.3,1.0,1.0,1.3,Sben1.3x/Gneu,22,Sben/Gneu,4772228,360322,4774097,3253720,292831,93281,4730842,40208,165974310,790608,15329,9326412,791170,55800000,28137708
56516689,35,34,34,0,56516689,make_cv_sim_uk,make_wt_specs_single,49,1000,1,2e-06,200000,https://osf.io/hp25c/download,',+,4,0d0d64e7-6ff8-8555-bdd5-97a19d5b0fea,1.0,1.0,1.0,1.0,Sneu/Gneu,34,Sneu/Gneu,4328270,307654,4331640,2970911,273761,89241,4297983,36191,165929391,879820,15207,11366204,881169,55699560,28078560
56516689,35,11,34,0,56516751,make_cv_sim_uk,make_wt_specs_single,49,1000,1,2e-06,200000,https://osf.io/hp25c/download,',+,1,50051186-3169-8fcd-a7af-d09153df2445,1.3,1.0,0.75,1.3,Sben1.3x/Gdel1.3x,11,Sben/Gdel,4136810,283895,4136010,2853278,269199,94852,4101686,41682,166365468,761921,14803,9415916,761606,55651293,28069632
56516689,35,33,34,0,56516792,make_cv_sim_uk,make_wt_specs_single,49,1000,1,2e-06,200000,https://osf.io/hp25c/download,',+,4,0f07d386-bc29-8b1c-9c27-adc93df6f99f,2.0,1.0,0.5,2.0,Sben2x/Gdel2x,33,Sben/Gdel,2855756,170263,2854414,1943372,179738,59937,2838158,25456,166425453,451527,10480,5196073,452058,55681983,28086093
56516689,35,28,34,0,56516774,make_cv_sim_uk,make_wt_specs_single,49,1000,1,2e-06,200000,https://osf.io/hp25c/download,',+,4,07062d1e-9a3d-81e2-947e-dc17ec43dd70,1.1,1.0,1.0,1.1,Sben1.1x/Gneu,28,Sben/Gneu,7065240,625930,7066283,4826645,457516,150029,7008878,59714,164748663,1630782,30008,21062547,1630921,55692585,28089162
56516689,35,29,34,0,56516775,make_cv_sim_uk,make_wt_specs_single,49,1000,1,2e-06,200000,https://osf.io/hp25c/download,',+,4,00313b75-014e-82cc-9f60-e94d68954506,1.3,1.0,1.0,1.3,Sben1.3x/Gneu,29,Sben/Gneu,6572225,540949,6571964,4488245,412311,146341,6518752,56924,164767914,1458353,28500,18590607,1458404,55679751,28079955
56516689,35,23,34,0,56516764,make_cv_sim_uk,make_wt_specs_single,49,1000,1,2e-06,200000,https://osf.io/hp25c/download,',+,3,c6f2de32-367f-8382-9348-4cbb1101a565,2.0,1.0,1.0,2.0,Sben2x/Gneu,23,Sben/Gneu,8150748,795336,8151987,5565072,523122,168578,8092539,72277,164160531,1927992,37708,24474996,1928379,55654083,28067679
56516689,35,17,34,0,56516757,make_cv_sim_uk,make_wt_specs_single,49,1000,1,2e-06,200000,https://osf.io/hp25c/download,',+,2,39c16740-e09f-80b6-ab78-34d2ced70d7f,1.1,1.0,0.9,1.1,Sben1.1x/Gdel1.1x,17,Sben/Gdel,6279490,501439,6289732,4263412,394359,133959,6224504,57805,165226032,1342219,26799,17278749,1342691,55748385,28126269
56516689,35,1,34,0,56516697,make_cv_sim_uk,make_wt_specs_single,49,1000,1,2e-06,200000,https://osf.io/hp25c/download,',+,0,0ade01e7-0c7d-8bf6-8ce0-a7a0fc5ae05d,1.3,1.0,1.0,1.3,Sben1.3x/Gneu,1,Sben/Gneu,4831418,367359,4837828,3325572,318764,106451,4796549,44549,165537117,926812,22367,11467179,927027,55546668,28012158
56516689,35,14,34,0,56516754,make_cv_sim_uk,make_wt_specs_single,49,1000,1,2e-06,200000,https://osf.io/hp25c/download,',+,2,1295ccfb-605c-88c9-8ebf-900370e800d0,1.1,1.0,1.0,1.1,Sben1.1x/Gneu,14,Sben/Gneu,7001694,657920,7007629,4748461,441789,148773,6938835,59058,164857194,1618409,31090,20750346,1618526,55615581,28035594
56516689,35,3,34,0,56516705,make_cv_sim_uk,make_wt_specs_single,49,1000,1,2e-06,200000,https://osf.io/hp25c/download,',+,0,36304ef3-8813-8bb8-abc0-2a4963c579a7,1.1,1.0,0.9,1.1,Sben1.1x/Gdel1.1x,3,Sben/Gdel,5299598,430880,5303414,3611509,341832,111033,5258136,43956,165319497,1205653,22059,15796468,1207169,55786887,28141893
56516689,35,24,34,0,56516765,make_cv_sim_uk,make_wt_specs_single,49,1000,1,2e-06,200000,https://osf.io/hp25c/download,',+,3,6c365f84-98d0-89fe-a3b3-fce5e35640a9,1.1,1.0,0.9,1.1,Sben1.1x/Gdel1.1x,24,Sben/Gdel,5858329,481502,5858202,3994855,384487,124335,5804995,51201,164998368,1237847,24924,15711048,1238082,55601631,28042290
56516689,35,4,34,0,56516710,make_cv_sim_uk,make_wt_specs_single,49,1000,1,2e-06,200000,https://osf.io/hp25c/download,',+,0,6cca2f5d-7303-80aa-9b56-c65a26f04eba,1.3,1.0,0.75,1.3,Sben1.3x/Gdel1.3x,4,Sben/Gdel,4775865,353266,4771900,3266445,307919,92425,4740049,36342,165611331,877391,14973,10878270,878755,55831527,28160307
56516689,35,13,34,0,56516753,make_cv_sim_uk,make_wt_specs_single,49,1000,1,2e-06,200000,https://osf.io/hp25c/download,',+,1,d80807db-dd30-8cea-9929-08a538d25d1e,1.0,1.0,1.0,1.0,Sneu/Gneu,13,Sneu/Gneu,5299072,427175,5296453,3599348,335075,115417,5257395,52365,165615237,1229956,26457,16311584,1230491,55571220,28026666
56516689,35,18,34,0,56516758,make_cv_sim_uk,make_wt_specs_single,49,1000,1,2e-06,200000,https://osf.io/hp25c/download,',+,2,7de27178-9897-83c3-ac25-0da381cbb78b,1.3,1.0,0.75,1.3,Sben1.3x/Gdel1.3x,18,Sben/Gdel,7080704,664005,7082279,4767537,439750,146521,7020866,61335,164652687,1594380,30337,20227500,1594589,55876446,28171467
56516689,35,2,34,0,56516699,make_cv_sim_uk,make_wt_specs_single,49,1000,1,2e-06,200000,https://osf.io/hp25c/download,',+,0,02328b09-2e20-812f-b431-d037a2742203,2.0,1.0,1.0,2.0,Sben2x/Gneu,2,Sben/Gneu,3195903,192846,3195870,2202263,216162,68205,3172554,29703,166796802,354466,7884,2875095,354961,55522395,28011042
